{"count":1,"self":18.3776208,"total":18.460625699999998,"children":{"AgentResetIfDone":{"count":1720,"self":0.0261061,"total":0.0261061,"children":null},"AgentSendState":{"count":1720,"self":0.0177966,"total":0.0258093,"children":{"CollectObservations":{"count":1720,"self":0.0080127,"total":0.0080127,"children":null}}},"DecideAction":{"count":1720,"self":0.0132353,"total":0.0132353,"children":null},"AcademyStep":{"count":1720,"self":0.0047518,"total":0.0047518,"children":null},"AgentAct":{"count":1720,"self":0.011101999999999999,"total":0.011101999999999999,"children":null}}}