{"count":1,"self":344.7900416,"total":1186.4474493,"children":{"AgentResetIfDone":{"count":181077,"self":3.8030256,"total":3.8030256999999996,"children":null},"AgentSendState":{"count":181077,"self":10.5558984,"total":47.6966725,"children":{"CollectObservations":{"count":398376,"self":37.1407744,"total":37.1407739,"children":null}}},"DecideAction":{"count":181077,"self":736.3175936,"total":753.8851156,"children":{"AgentInfo.ToProto":{"count":36216,"self":17.5675152,"total":17.567515099999998,"children":null}}},"AcademyStep":{"count":181077,"self":1.4690105999999998,"total":1.4690105999999998,"children":null},"AgentAct":{"count":181077,"self":34.8015872,"total":34.8015884,"children":null}}}