{"count":1,"gauges":{"My Behavior.CumulativeReward":{"count":3,"max":8.2,"min":-0.1,"value":-0.1,"weightedAverage":5.67499971}},"self":29.8883424,"total":29.9248685,"children":{"AgentSendState":{"count":1467,"self":0.012990499999999999,"total":0.023850299999999998,"children":{"CollectObservations":{"count":490,"self":0.0068959999999999994,"total":0.0068959999999999994,"children":null},"CollectDiscreteActionMasks":{"count":490,"self":0.0039638,"total":0.0039638,"children":null}}},"DecideAction":{"count":1467,"self":0.002951,"total":0.002951,"children":null},"AgentAct":{"count":1467,"self":0.0087242,"total":0.0087242,"children":null}}}