{"count":1,"gauges":{"My Behavior.CumulativeReward":{"count":1,"max":6.6,"min":6.6,"value":6.6,"weightedAverage":6.6}},"self":9.6001216,"total":9.6233747,"children":{"AgentSendState":{"count":457,"self":0.0066688999999999993,"total":0.0145311,"children":{"CollectObservations":{"count":153,"self":0.0068983,"total":0.0068983,"children":null},"CollectDiscreteActionMasks":{"count":153,"self":0.0009639,"total":0.0009639,"children":null}}},"DecideAction":{"count":457,"self":0.00093069999999999991,"total":0.00093069999999999991,"children":null},"AgentAct":{"count":457,"self":0.0057912,"total":0.0057912,"children":null}}}