{"count":1,"gauges":{"My Behavior.CumulativeReward":{"count":48,"max":0.5,"min":0,"value":0,"weightedAverage":0.0022272435}},"self":8.6375488,"total":97.081937799999992,"children":{"AgentSendState":{"count":4601,"self":1.1376895,"total":44.972663399999995,"children":{"CollectObservations":{"count":27565,"self":0.5707831,"total":0.5707831,"children":null},"CollectDiscreteActionMasks":{"count":27565,"self":0.17349589999999998,"total":0.17349589999999998,"children":null},"AgentInfo.ToProto":{"count":27565,"self":0.64314739999999992,"total":43.090694899999995,"children":{"GenerateSensorData":{"count":27565,"self":42.4475488,"total":42.4475475,"children":null}}}}},"DecideAction":{"count":4601,"self":43.347724799999995,"total":43.3477262,"children":null},"AgentAct":{"count":4601,"self":0.11799459999999999,"total":0.11799459999999999,"children":{"AgentInfo.ToProto":{"count":13,"self":0,"total":0,"children":{"GenerateSensorData":{"count":13,"self":0,"total":0,"children":null}}}}},"AgentInfo.ToProto":{"count":35,"self":0.0020093999999999997,"total":0.0050041999999999994,"children":{"GenerateSensorData":{"count":35,"self":0.0029947999999999997,"total":0.0029947999999999997,"children":null}}}}}