{"count":1,"gauges":{"My Behavior.CumulativeReward":{"count":2,"max":9,"min":6.6,"value":6.6,"weightedAverage":8.4}},"self":22.8782048,"total":22.9085186,"children":{"AgentSendState":{"count":1119,"self":0.006801,"total":0.0156082,"children":{"CollectObservations":{"count":374,"self":0.0059546999999999994,"total":0.0059546999999999994,"children":null},"CollectDiscreteActionMasks":{"count":374,"self":0.0028525,"total":0.0028525,"children":null}}},"DecideAction":{"count":1119,"self":0.0048527,"total":0.0048527,"children":null},"AgentAct":{"count":1119,"self":0.0078514999999999991,"total":0.0078514999999999991,"children":null}}}