{"count":1,"gauges":{"My Behavior.CumulativeReward":{"count":5,"max":9.8,"min":5.8,"value":5.8,"weightedAverage":7.065625}},"self":55.4580608,"total":55.504939799999995,"children":{"AgentSendState":{"count":2746,"self":0.0109343,"total":0.028594699999999997,"children":{"CollectObservations":{"count":918,"self":0.0176604,"total":0.0176604,"children":null}}},"DecideAction":{"count":2746,"self":0.0095719,"total":0.0095719,"children":null},"AgentAct":{"count":2746,"self":0.0066963,"total":0.0066963,"children":null}}}