{"count":1,"gauges":{},"self":11.5712792,"total":11.621319399999999,"children":{"AgentSendState":{"count":553,"self":0.02046,"total":0.0381894,"children":{"CollectObservations":{"count":1657,"self":0.0137912,"total":0.0137912,"children":null},"CollectDiscreteActionMasks":{"count":1657,"self":0.0039382,"total":0.0039382,"children":null}}},"DecideAction":{"count":553,"self":0.0028988,"total":0.0028988,"children":null},"AgentAct":{"count":553,"self":0.007951999999999999,"total":0.007951999999999999,"children":null}}}