{"count":1,"gauges":{},"self":5.0537768,"total":5.0707309999999994,"children":{"AgentSendState":{"count":228,"self":0.0069513,"total":0.013902399999999999,"children":{"CollectObservations":{"count":76,"self":0.0059498,"total":0.0059498,"children":null},"CollectDiscreteActionMasks":{"count":76,"self":0.0010012999999999999,"total":0.0010012999999999999,"children":null}}},"DecideAction":{"count":228,"self":0,"total":0,"children":null},"AgentAct":{"count":228,"self":0.0020499999999999997,"total":0.0020499999999999997,"children":null}}}