{"count":1,"gauges":{"My Behavior.CumulativeReward":{"count":656,"max":73.09999,"min":-0.6,"value":18.2,"weightedAverage":14.5387688}},"self":165.5037312,"total":2801.6427417,"children":{"AgentSendState":{"count":327484,"self":2.9029506,"total":7.4620358,"children":{"CollectObservations":{"count":108965,"self":1.963228,"total":1.9632279,"children":null},"AgentInfo.ToProto":{"count":108965,"self":1.0612917,"total":2.5958573,"children":{"GenerateSensorData":{"count":108965,"self":1.5345655999999999,"total":1.5345655999999999,"children":null}}}}},"DecideAction":{"count":327484,"self":2627.0695424,"total":2627.0696339,"children":null},"AgentAct":{"count":327484,"self":1.5904162,"total":1.6014104999999998,"children":{"AgentInfo.ToProto":{"count":403,"self":0.0029993999999999997,"total":0.0109943,"children":{"GenerateSensorData":{"count":403,"self":0.0079949,"total":0.0079949,"children":null}}}}},"AgentInfo.ToProto":{"count":253,"self":0.0039951,"total":0.0049857999999999994,"children":{"GenerateSensorData":{"count":253,"self":0.0009907,"total":0.0009907,"children":null}}}}}