{"count":1,"gauges":{"My Behavior.CumulativeReward":{"count":6074,"max":6.8,"min":-0.6,"value":-0.6,"weightedAverage":-0.5999999}},"self":204.987136,"total":2741.1890387999997,"children":{"AgentSendState":{"count":460701,"self":3.8881075999999997,"total":10.3438005,"children":{"CollectObservations":{"count":151688,"self":2.7865736,"total":2.7865737,"children":null},"AgentInfo.ToProto":{"count":151688,"self":1.5063939,"total":3.6691192999999998,"children":{"GenerateSensorData":{"count":151688,"self":2.1627254,"total":2.1627254,"children":null}}}}},"DecideAction":{"count":460701,"self":2523.7135359999997,"total":2523.7135681,"children":null},"AgentAct":{"count":460701,"self":2.0375296,"total":2.0415357,"children":{"AgentInfo.ToProto":{"count":103,"self":0,"total":0.0040060999999999994,"children":{"GenerateSensorData":{"count":103,"self":0.0040060999999999994,"total":0.0040060999999999994,"children":null}}}}},"AgentInfo.ToProto":{"count":5971,"self":0.0399937,"total":0.10099699999999999,"children":{"GenerateSensorData":{"count":5971,"self":0.061003299999999996,"total":0.061003299999999996,"children":null}}}}}